,brent,inventories,industrial_prod,dollar_index,fed_funds,vix
2006-01-08,62.43,986884.0,98.1999,100.54468,4.29,11.205
2006-01-15,61.58,989625.0,98.1999,100.04516,4.29,11.072
2006-01-22,64.92,987512.0,98.1999,100.14252,4.29,12.675
2006-01-29,64.95,988635.0,98.1999,99.43856,4.29,12.9
2006-02-05,62.54,988423.0,98.2413,99.73366,4.49,12.778
2006-02-12,59.66,993276.0,98.2413,100.26694,4.49,13.09
2006-02-19,58.34,994797.0,98.2413,100.42036,4.49,12.28
2006-02-26,60.13,996735.0,98.2413,100.28443999999999,4.49,11.905000000000001
2006-03-05,62.69,1003576.0,98.4628,99.79534,4.59,11.83
2006-03-12,59.04,1008412.0,98.4628,100.62646,4.59,12.45
2006-03-19,63.54,1007502.0,98.4628,100.22934000000001,4.59,11.512
2006-03-26,62.78,1010032.0,98.4628,100.52392,4.59,11.395999999999999
2006-04-02,66.06,1012742.0,98.7618,100.76252,4.79,11.39
2006-04-09,67.11,1016051.0,98.7618,100.2816,4.79,11.51
2006-04-16,69.39,1015684.0,98.7618,100.40078,4.79,12.5825
2006-04-23,73.94,1015678.0,98.7618,99.56504,4.79,11.706
2006-04-30,72.15,1017903.0,98.7618,98.7265,4.79,11.738
2006-05-07,71.22,1018672.0,98.7869,97.57382,4.94,12.0
2006-05-14,71.3,1019149.0,98.7869,96.8417,4.94,12.49
2006-05-21,66.93,1016151.0,98.7869,97.5327,4.94,15.469999999999999
2006-05-28,69.88,1017749.0,98.7869,97.95552,4.94,16.619999999999997
2006-06-04,68.42,1019032.0,99.0997,97.71582,4.99,15.985
2006-06-11,69.13,1018051.0,99.0997,98.2311,4.99,17.652
2006-06-18,65.01,1019438.0,99.0997,98.82012,4.99,19.875999999999998
2006-06-25,69.91,1016108.0,99.0997,99.04366,4.99,16.362000000000002
2006-07-02,73.2,1013687.0,99.0489,99.0877,5.24,14.783999999999997
2006-07-09,74.14,1007007.0,99.0489,98.0512,5.24,13.705
2006-07-16,76.13,1007157.0,99.0489,98.39088000000001,5.24,15.498
2006-07-23,72.96,1007187.0,99.0489,98.8521,5.24,17.107999999999997
2006-07-30,73.95,1005412.0,99.0489,98.5485,5.24,14.744
2006-08-06,76.53,1004225.0,99.4836,97.95684,5.25,14.628
2006-08-13,75.19,1002618.0,99.4836,97.65527999999999,5.25,14.884
2006-08-20,71.3,1001973.0,99.4836,97.65353999999999,5.25,12.794
2006-08-27,72.58,1004453.0,99.4836,97.64864,5.25,12.304
2006-09-03,70.49,1002349.0,99.3183,97.67062,5.25,12.190000000000001
2006-09-10,64.3,999443.0,99.3183,97.71374,5.25,13.352500000000001
2006-09-17,60.23,996594.0,99.3183,98.21186,5.25,11.879999999999999
2006-09-24,58.81,996484.0,99.3183,98.05432,5.25,11.998000000000001
2006-10-01,59.09,999839.0,99.2044,98.04012,5.25,11.786
2006-10-08,56.9,1002059.0,99.2044,98.25182,5.25,12.042
2006-10-15,58.97,1007078.0,99.2044,98.8057,5.25,11.331999999999999
2006-10-22,57.94,1004142.0,99.2044,98.46288,5.25,11.138
2006-10-29,57.99,1006295.0,99.2044,98.07701999999999,5.25,10.776
2006-11-05,56.55,1006889.0,99.1627,97.56574,5.25,11.278
2006-11-12,59.18,1008262.0,99.1627,97.55984,5.25,10.959999999999999
2006-11-19,57.01,1013423.0,99.1627,97.83382,5.25,10.376000000000001
2006-11-26,60.72,1013063.0,99.1627,97.6351,5.25,10.185
2006-12-03,64.74,1011873.0,100.1735,96.7471,5.24,11.464
2006-12-10,63.67,1007578.0,100.1735,96.37140000000001,5.24,11.714
2006-12-17,62.91,1001255.0,100.1735,96.77727999999999,5.24,10.312000000000001
2006-12-24,61.92,993123.0,100.1735,96.9779,5.24,10.61
2006-12-31,58.96,991824.0,100.1735,97.12102,5.24,11.1125
2007-01-07,52.82,986075.0,99.8346,97.3664,5.25,11.896666666666667
2007-01-14,49.95,992843.0,99.8346,97.97040000000001,5.25,11.28
2007-01-21,52.29,993632.0,99.8346,97.8336,5.25,10.645
2007-01-28,55.29,996316.0,99.8346,97.90708,5.25,10.67
2007-02-04,56.93,995798.0,100.7753,98.00129999999999,5.26,10.644
2007-02-11,57.21,995209.0,100.7753,97.77082,5.26,10.612
2007-02-18,56.78,998903.0,100.7753,97.44958,5.26,10.484
2007-02-25,60.38,1000324.0,100.7753,97.23742,5.26,10.3
2007-03-04,61.92,995426.0,100.9547,97.25198,5.26,15.862
2007-03-11,60.25,996606.0,100.9547,97.53374,5.26,15.841999999999999
2007-03-18,60.93,1000530.0,100.9547,97.21716,5.26,16.522
2007-03-25,63.1,999683.0,100.9547,96.69594,5.26,13.185999999999998
2007-04-01,68.47,1003990.0,101.6334,96.4639,5.25,14.280000000000001
2007-04-08,69.15,1004880.0,101.6334,96.28617999999999,5.25,13.615
2007-04-15,68.78,1004140.0,101.6334,95.99022,5.25,12.844
2007-04-22,66.34,1006324.0,101.6334,95.33766,5.25,12.23
2007-04-29,67.28,1007781.0,101.6334,95.07388,5.25,12.922
2007-05-06,65.14,1013417.0,101.7306,94.96078,5.25,13.362
2007-05-13,65.18,1014610.0,101.7306,94.86072,5.25,13.158000000000001
2007-05-20,69.26,1016661.0,101.7306,94.73792,5.25,13.547999999999998
2007-05-27,70.72,1015002.0,101.7306,94.58766,5.25,13.404
2007-06-03,68.65,1015497.0,101.7893,94.37034000000001,5.25,13.0475
2007-06-10,70.04,1015579.0,101.7893,94.24616,5.25,14.738
2007-06-17,71.63,1022481.0,101.7893,94.7567,5.25,14.738
2007-06-24,72.04,1024043.0,101.7893,94.45527999999999,5.25,14.180000000000001
2007-07-01,72.22,1027194.0,101.6672,94.38408,5.26,16.568
2007-07-08,76.58,1025606.0,101.6672,93.67374,5.26,15.13
2007-07-15,78.12,1025157.0,101.6672,93.26556000000001,5.26,16.012
2007-07-22,79.09,1024054.0,101.6672,92.81318,5.26,15.88
2007-07-29,76.58,1017557.0,101.6672,92.9499,5.26,19.674
2007-08-05,75.36,1013596.0,101.863,93.3654,5.02,22.887999999999998
2007-08-12,69.57,1008429.0,101.863,93.29792,5.02,24.146
2007-08-19,69.8,1010319.0,101.863,94.27414,5.02,29.148000000000003
2007-08-26,69.49,1006834.0,101.863,94.05004,5.02,23.562
2007-09-02,72.29,1002862.0,102.0894,93.7135,4.94,24.253999999999998
2007-09-09,75.08,996015.0,102.0894,93.51968,4.94,24.395
2007-09-16,78.27,992616.0,102.0894,92.82468,4.94,25.458000000000002
2007-09-23,78.91,996087.0,102.0894,92.10828000000001,4.94,21.262
2007-09-30,80.97,997488.0,102.0894,91.29374,4.94,18.119999999999997
2007-10-07,79.05,995678.0,101.8015,91.00128,4.76,18.096
2007-10-14,80.82,997964.0,101.8015,90.68178,4.76,17.372
2007-10-21,84.25,993222.0,101.8015,90.43516,4.76,19.854
2007-10-28,84.71,989420.0,101.8015,90.14742,4.76,20.716
2007-11-04,92.11,988552.0,102.3446,89.18622,4.49,21.137999999999998
2007-11-11,92.32,992011.0,102.3446,88.43332000000001,4.49,25.369999999999997
2007-11-18,91.99,991033.0,102.3446,89.05864,4.49,26.936
2007-11-25,95.33,990581.0,102.3446,89.33778,4.49,25.835
2007-12-02,88.71,983304.0,102.3803,89.3924,4.24,25.228
2007-12-09,88.46,982309.0,102.3803,89.76988,4.24,22.348000000000003
2007-12-16,91.86,974820.0,102.3803,89.9411,4.24,22.526
2007-12-23,91.03,971422.0,102.3803,90.50958,4.24,21.578
2007-12-30,95.92,968240.0,102.3803,89.87418,4.24,19.565
2008-01-06,96.87,961910.0,102.2448,89.41784,3.94,23.025
2008-01-13,91.86,967689.0,102.2448,89.54728,3.94,24.094
2008-01-20,89.66,970063.0,102.2448,89.52964,3.94,25.252
2008-01-27,90.96,973617.0,102.2448,89.62034,3.94,29.2225
2008-02-03,91.41,980594.0,101.8438,88.7342,2.98,26.588
2008-02-10,91.45,981755.0,101.8438,89.03963999999999,2.98,27.774
2008-02-17,96.96,985959.0,101.8438,89.02262,2.98,25.874000000000002
2008-02-24,96.07,989418.0,101.8438,88.90888,2.98,24.7925
2008-03-02,100.9,986496.0,101.5336,87.63482,2.61,23.538
2008-03-09,104.66,993007.0,101.5336,87.14259999999999,2.61,26.288
2008-03-16,109.16,993822.0,101.5336,86.77374,2.61,28.282
2008-03-23,99.78,993909.0,101.5336,86.71534,2.61,28.622500000000002
2008-03-30,102.68,1001473.0,101.5336,86.75814,2.61,25.824
2008-04-06,102.21,998888.0,100.8785,86.7515,2.28,23.476
2008-04-13,107.15,997173.0,100.8785,86.58646,2.28,22.606
2008-04-20,110.67,999713.0,100.8785,86.27176,2.28,21.526
2008-04-27,116.62,1003768.0,100.8785,86.43162,2.28,20.256
2008-05-04,111.92,1009413.0,100.2674,86.9786,1.98,19.546
2008-05-11,123.54,1010250.0,100.2674,87.1926,1.98,19.130000000000003
2008-05-18,122.98,1005591.0,100.2674,87.10144,1.98,17.240000000000002
2008-05-25,129.72,997347.0,100.2674,86.41184000000001,1.98,18.156
2008-06-01,127.85,993358.0,100.0335,86.4486,2.0,18.67
2008-06-08,132.81,988932.0,100.0335,86.89349999999999,2.0,20.612000000000002
2008-06-15,134.29,988181.0,100.0335,87.39338000000001,2.0,22.994
2008-06-22,134.28,989086.0,100.0335,87.15474,2.0,21.753999999999998
2008-06-29,139.38,988081.0,100.0335,86.91174,2.0,22.714000000000002
2008-07-06,143.95,982508.0,99.676,86.76948,2.01,24.5775
2008-07-13,143.68,985572.0,99.676,86.64124000000001,2.01,25.448
2008-07-20,129.34,984130.0,99.676,85.98434,2.01,26.236
2008-07-27,124.7,984165.0,99.676,86.25314,2.01,22.378
2008-08-03,124.16,986178.0,98.1111,86.75663999999999,2.0,22.596
2008-08-10,113.03,986262.0,98.1111,87.75134,2.0,21.334
2008-08-17,108.8,995651.0,98.1111,89.32791999999999,2.0,20.552
2008-08-24,113.99,995473.0,98.1111,89.41834,2.0,20.262
2008-08-31,113.49,993575.0,98.1111,89.70624000000001,2.0,20.259999999999998
2008-09-07,102.51,987695.0,93.7895,90.8511,1.81,22.627499999999998
2008-09-14,94.37,981366.0,93.7895,91.86598000000001,1.81,24.536
2008-09-21,93.46,978423.0,93.7895,91.72542000000001,1.81,32.678
2008-09-28,100.88,981326.0,93.7895,90.3693,1.81,34.464
2008-10-05,88.95,987518.0,94.7219,92.64099999999999,0.97,43.263999999999996
2008-10-12,74.58,992849.0,94.7219,96.42670000000001,0.97,59.426
2008-10-19,66.05,995784.0,94.7219,97.5042,0.97,63.462
2008-10-26,60.57,996223.0,94.7219,100.34982,0.97,64.532
2008-11-02,60.0,996277.0,93.4715,100.81696,0.39,67.954
2008-11-09,56.84,996225.0,93.4715,98.89126,0.39,55.15
2008-11-16,50.7,997823.0,93.4715,100.6266,0.39,62.803999999999995
2008-11-23,44.91,1005103.0,93.4715,102.25648,0.39,72.91600000000001
2008-11-30,47.72,1004647.0,93.4715,101.2923,0.39,59.09
2008-12-07,37.04,1004997.0,90.8357,102.43006,0.16,63.15599999999999
2008-12-14,42.38,1005522.0,90.8357,100.91554,0.16,56.638
2008-12-21,39.52,1002419.0,90.8357,97.87447999999999,0.16,50.248000000000005
2008-12-28,33.73,1002966.0,90.8357,98.23206,0.16,44.292500000000004
2009-01-04,42.94,1009060.0,88.57,98.39295,0.15,41.18
2009-01-11,42.34,1010270.0,88.57,98.59862000000001,0.15,41.282
2009-01-18,43.42,1016543.0,88.57,100.57856,0.15,47.072
2009-01-25,43.13,1023494.0,88.57,102.01783333333333,0.15,49.4075
2009-02-01,44.17,1031387.0,88.031,101.22988000000001,0.22,43.013999999999996
2009-02-08,44.49,1036330.0,88.031,101.99202,0.22,43.906
2009-02-15,43.36,1036291.0,88.031,101.96137999999999,0.22,43.804
2009-02-22,42.19,1037237.0,88.031,103.89775,0.22,48.375
2009-03-01,44.41,1037212.0,86.6528,104.22855999999999,0.18,46.757999999999996
2009-03-08,43.48,1038519.0,86.6528,105.72849999999998,0.18,50.128
2009-03-15,44.97,1042262.0,86.6528,104.99680000000001,0.18,44.239999999999995
2009-03-22,49.27,1047411.0,86.6528,102.17694,0.18,42.834
2009-03-29,50.81,1051927.0,86.6528,101.20761999999999,0.18,41.962
2009-04-05,50.48,1055215.0,85.9344,101.7533,0.15,42.739999999999995
2009-04-12,52.33,1062149.0,85.9344,100.87537999999999,0.15,39.175
2009-04-19,52.02,1067304.0,85.9344,100.16398,0.15,36.275999999999996
2009-04-26,50.29,1072582.0,85.9344,100.9545,0.15,37.678
2009-05-03,51.75,1075600.0,85.0665,100.43022,0.18,36.83
2009-05-10,56.02,1071826.0,85.0665,98.71404,0.18,33.166
2009-05-17,56.33,1070460.0,85.0665,97.96698,0.18,32.562
2009-05-24,58.7,1066332.0,85.0665,96.85546,0.18,30.410000000000004
2009-05-31,64.98,1069282.0,85.0665,95.837375,0.18,30.892500000000002
2009-06-07,67.77,1064886.0,84.7459,95.17496,0.21,30.098000000000003
2009-06-14,70.62,1061597.0,84.7459,96.0143,0.21,28.552
2009-06-21,70.48,1058224.0,84.7459,96.36684,0.21,30.610000000000003
2009-06-28,68.1,1055203.0,84.7459,96.5078,0.21,28.618000000000002
2009-07-05,65.74,1052501.0,85.7027,96.14945,0.16,26.4675
2009-07-12,58.43,1050368.0,85.7027,96.79474,0.16,29.99
2009-07-19,63.54,1048571.0,85.7027,96.1575,0.16,25.396
2009-07-26,68.82,1053722.0,85.7027,94.84984,0.16,23.651999999999997
2009-08-02,70.08,1055392.0,86.6426,94.70844,0.16,25.244
2009-08-09,74.21,1058086.0,86.6426,93.9102,0.16,25.156
2009-08-16,71.33,1049688.0,86.6426,94.54602,0.16,25.082
2009-08-23,73.71,1049816.0,86.6426,94.59642,0.16,26.086000000000002
2009-08-30,72.8,1049443.0,86.6426,94.3901,0.16,24.89
2009-09-06,65.84,1043637.0,87.4063,94.90758000000001,0.15,27.284000000000002
2009-09-13,68.76,1039407.0,87.4063,93.61025000000001,0.15,24.41
2009-09-20,70.72,1042760.0,87.4063,93.18430000000001,0.15,23.708000000000002
2009-09-27,64.6,1045554.0,87.4063,93.24488,0.15,24.238
2009-10-04,66.5,1044419.0,87.6419,93.54206,0.12,26.526
2009-10-11,69.45,1044753.0,87.6419,92.65088,0.12,24.904
2009-10-18,74.58,1046063.0,87.6419,91.6057,0.12,22.401999999999997
2009-10-25,77.72,1046839.0,87.6419,91.59254,0.12,21.514
2009-11-01,74.91,1042903.0,88.0221,92.50800000000001,0.12,26.5
2009-11-08,75.51,1044690.0,88.0221,92.49096,0.12,27.186
2009-11-15,74.81,1043803.0,88.0221,91.718375,0.12,23.326
2009-11-22,75.61,1044821.0,88.0221,91.59164000000001,0.12,22.35
2009-11-29,76.0,1047435.0,88.0221,91.3836,0.12,21.740000000000002
2009-12-06,77.74,1044166.0,88.3793,91.07808,0.12,22.252000000000002
2009-12-13,70.07,1040477.0,88.3793,91.96172,0.12,22.472
2009-12-20,71.87,1035635.0,88.3793,92.58636,0.12,21.474
2009-12-27,75.15,1034096.0,88.3793,93.02973333333334,0.12,19.8025
2010-01-03,77.91,1033243.0,89.3426,92.895675,0.11,20.395
2010-01-10,80.06,1036941.0,89.3426,92.23823999999999,0.11,19.148
2010-01-17,76.85,1036470.0,89.3426,91.67612,0.11,17.838
2010-01-24,72.73,1032581.0,89.3426,92.56085,0.11,21.46
2010-01-31,71.2,1034898.0,89.3426,93.3101,0.11,24.29
2010-02-07,70.11,1037189.0,89.6779,93.90688,0.13,23.572
2010-02-14,71.49,1040274.0,89.6779,93.9976,0.13,24.919999999999998
2010-02-21,76.88,1043308.0,89.6779,93.7578,0.13,21.155
2010-02-28,76.36,1047340.0,89.6779,93.9474,0.13,20.236
2010-03-07,79.2,1048808.0,90.2928,93.38843999999999,0.16,18.657999999999998
2010-03-14,79.38,1049820.0,90.2928,93.03923999999999,0.16,17.984
2010-03-21,78.37,1057064.0,90.2928,92.75792,0.16,17.238
2010-03-28,77.98,1059993.0,90.2928,93.41238,0.16,17.387999999999998
2010-04-04,82.63,1062138.0,90.5991,93.00582,0.2,17.445
2010-04-11,82.77,1059934.0,90.5991,92.66904,0.2,16.498
2010-04-18,84.81,1061826.0,90.5991,92.23396,0.2,16.324
2010-04-25,86.09,1063788.0,90.5991,92.62592,0.2,16.496000000000002
2010-05-02,86.19,1066543.0,91.823,92.9687,0.2,20.369999999999997
2010-05-09,76.48,1068460.0,91.823,94.40878000000001,0.2,28.538
2010-05-16,76.43,1068620.0,91.823,94.63466,0.2,28.119999999999997
2010-05-23,70.45,1071080.0,91.823,96.26968000000001,0.2,37.12
2010-05-30,73.0,1069176.0,91.823,96.80944,0.2,33.94
2010-06-06,71.84,1067501.0,91.9928,96.714275,0.18,32.6625
2010-06-13,73.28,1069190.0,91.9928,96.95772,0.18,32.672000000000004
2010-06-20,77.05,1071207.0,91.9928,95.57506,0.18,25.874000000000002
2010-06-27,76.21,1069198.0,91.9928,95.30598,0.18,27.422000000000004
2010-07-04,71.75,1064153.0,92.3421,95.74384,0.18,32.13
2010-07-11,75.2,1059095.0,92.3421,94.9357,0.18,26.795
2010-07-18,75.55,1059455.0,92.3421,94.475,0.18,25.054
2010-07-25,77.27,1066761.0,92.3421,94.37004,0.18,24.728
2010-08-01,77.5,1063977.0,92.6805,93.62884,0.19,23.56
2010-08-08,81.28,1060976.0,92.6805,92.676,0.19,22.137999999999998
2010-08-15,75.14,1060158.0,92.6805,93.52126000000001,0.19,24.374000000000002
2010-08-22,73.48,1064264.0,92.6805,93.70176000000001,0.19,25.39
2010-08-29,75.16,1067688.0,92.6805,94.44028,0.19,26.327999999999996
2010-09-05,75.03,1065918.0,92.9537,94.24156,0.19,24.330000000000002
2010-09-12,77.54,1063429.0,92.9537,93.80015,0.19,22.9625
2010-09-19,77.43,1063995.0,92.9537,92.89576,0.19,21.72
2010-09-26,78.73,1063693.0,92.9537,92.22112,0.19,22.387999999999998
2010-10-03,82.69,1066536.0,92.6903,91.23406,0.19,22.918
2010-10-10,83.88,1066283.0,92.6903,90.42082,0.19,21.81
2010-10-17,81.94,1066948.0,92.6903,89.800625,0.19,19.174
2010-10-24,80.75,1071996.0,92.6903,90.21744,0.19,19.512
2010-10-31,82.47,1073946.0,92.6903,90.27052,0.19,20.572
2010-11-07,87.05,1070399.0,92.7709,89.53009999999999,0.19,19.948
2010-11-14,86.07,1063113.0,92.7709,89.80120000000001,0.19,19.018
2010-11-21,83.17,1064141.0,92.7709,90.76382,0.19,20.266
2010-11-28,84.78,1065206.0,92.7709,91.2918,0.19,20.195
2010-12-05,90.65,1061072.0,93.6787,91.63458,0.18,20.766
2010-12-12,89.54,1051218.0,93.6787,91.20058,0.18,17.722
2010-12-19,91.11,1045883.0,93.6787,91.13489999999999,0.18,17.32
2010-12-26,93.63,1044625.0,93.6787,91.472275,0.18,16.205
2011-01-02,93.23,1040464.0,93.4814,90.86565,0.17,17.548000000000002
2011-01-09,94.25,1038071.0,93.4814,90.55283999999999,0.17,17.31
2011-01-16,97.86,1040687.0,93.4814,90.44644000000001,0.17,16.503999999999998
2011-01-23,96.84,1045523.0,93.4814,89.84195,0.17,17.409999999999997
2011-01-30,97.06,1048117.0,93.4814,89.63324,0.17,17.613999999999997
2011-02-06,99.43,1049948.0,93.1102,89.3109,0.16,17.416
2011-02-13,99.93,1050807.0,93.1102,89.48026,0.16,15.947999999999999
2011-02-20,102.2,1051629.0,93.1102,89.61098,0.16,16.412
2011-02-27,111.47,1051265.0,93.1102,89.320325,0.16,20.8675
2011-03-06,115.71,1053641.0,94.0788,88.72572,0.14,19.544
2011-03-13,114.07,1055386.0,94.0788,88.65194,0.14,20.532
2011-03-20,114.13,1057517.0,94.0788,88.69181999999999,0.14,25.131999999999998
2011-03-27,115.45,1060462.0,94.0788,88.16666000000001,0.14,19.18
2011-04-03,118.63,1062078.0,93.7749,88.15278,0.1,18.09
2011-04-10,126.3,1063705.0,93.7749,87.55229999999999,0.1,17.326
2011-04-17,124.63,1061383.0,93.7749,87.13656,0.1,16.438
2011-04-24,123.64,1067539.0,93.7749,86.75023999999999,0.1,15.6375
2011-05-01,126.59,1070960.0,93.888,86.07078,0.09,15.222
2011-05-08,113.69,1074592.0,93.888,86.00246,0.09,17.274
2011-05-15,113.08,1074577.0,93.888,86.94004,0.09,16.624000000000002
2011-05-22,111.25,1075193.0,93.888,87.36500000000001,0.09,16.994
2011-05-29,114.85,1078071.0,93.888,87.53620000000001,0.09,17.046
2011-06-05,115.09,1073439.0,94.172,86.62982500000001,0.09,17.447499999999998
2011-06-12,118.71,1070033.0,94.172,86.60686000000001,0.09,18.395999999999997
2011-06-19,113.74,1068311.0,94.172,87.19575999999999,0.09,20.754
2011-06-26,104.79,1063936.0,94.172,87.16218,0.09,19.552
2011-07-03,109.82,1063063.0,94.636,86.87631999999999,0.07,17.878
2011-07-10,117.4,1059939.0,94.636,86.55132499999999,0.07,16.075
2011-07-17,118.06,1056212.0,94.636,86.77628,0.07,19.7
2011-07-24,118.99,1056240.0,94.636,86.27459999999999,0.07,18.866
2011-07-31,115.93,1052688.0,94.636,85.70702,0.07,22.31
2011-08-07,106.92,1045073.0,95.2749,86.44026,0.1,27.098000000000003
2011-08-14,108.17,1043392.0,95.2749,87.29138,0.1,40.282
2011-08-21,109.37,1036377.0,95.2749,86.7941,0.1,36.404
2011-08-28,112.29,1036932.0,95.2749,87.08254,0.1,37.992000000000004
2011-09-04,115.92,1028085.0,95.1961,86.92981999999999,0.08,32.506
2011-09-11,115.1,1020381.0,95.1961,88.3005,0.08,35.805
2011-09-18,116.26,1013045.0,95.1961,89.2158,0.08,34.61
2011-09-25,109.17,1014974.0,95.1961,90.7844,0.08,37.102
2011-10-02,105.42,1010295.0,95.8568,91.39934,0.07,39.922000000000004
2011-10-09,106.56,1011531.0,95.8568,92.19548,0.07,39.31
2011-10-16,114.33,1006797.0,95.8568,90.531475,0.07,31.216
2011-10-23,111.6,1011532.0,95.8568,90.514,0.07,33.098
2011-10-30,110.01,1013358.0,95.8568,89.46366,0.07,28.266000000000002
2011-11-06,112.22,1011770.0,95.8485,90.15808,0.08,31.625999999999998
2011-11-13,114.43,1010713.0,95.8485,90.52827500000001,0.08,31.268
2011-11-20,107.82,1004495.0,95.8485,91.10062,0.08,32.474000000000004
2011-11-27,106.08,1008427.0,95.8485,92.477225,0.08,33.332499999999996
2011-12-04,109.59,1009576.0,96.3571,91.75352000000001,0.07,29.1
2011-12-11,107.91,1007644.0,96.3571,91.38074,0.07,28.322000000000003
2011-12-18,104.0,997074.0,96.3571,92.76234,0.07,25.304
2011-12-25,109.28,1000973.0,96.3571,92.52094,0.07,22.292
2012-01-01,108.09,1003182.0,96.9318,92.604275,0.08,22.869999999999997
2012-01-08,111.96,1005007.0,96.9318,92.2713,0.08,21.825
2012-01-15,109.88,1001569.0,96.9318,92.46155999999999,0.08,20.838
2012-01-22,108.5,1005127.0,96.9318,91.60155,0.08,20.310000000000002
2012-01-29,110.5,1009302.0,96.9318,90.81922,0.08,18.598000000000003
2012-02-05,112.56,1009593.0,97.2435,90.17038,0.1,18.494
2012-02-12,118.13,1009422.0,97.2435,89.75399999999999,0.1,18.598
2012-02-19,120.69,1011055.0,97.2435,90.16310000000001,0.1,19.344
2012-02-26,124.89,1015215.0,97.2435,90.070025,0.1,17.622500000000002
2012-03-04,125.93,1016063.0,96.74,89.88784000000001,0.13,17.826
2012-03-11,128.08,1017813.0,96.74,90.49521999999999,0.13,18.61
2012-03-18,125.09,1016651.0,96.74,90.68884,0.13,15.128
2012-03-25,125.21,1023753.0,96.74,90.60254,0.13,15.228
2012-04-01,123.41,1032762.0,97.4359,90.4794,0.14,15.26
2012-04-08,123.58,1035328.0,97.4359,90.61662,0.14,16.11
2012-04-15,120.62,1039184.0,97.4359,91.04744000000001,0.14,19.194
2012-04-22,118.08,1043162.0,97.4359,90.96482,0.14,18.490000000000002
2012-04-29,119.3,1046002.0,97.4359,90.724,0.14,17.29
2012-05-06,111.66,1051291.0,97.6609,90.60682,0.16,17.47
2012-05-13,112.5,1053419.0,97.6609,91.53738000000001,0.16,19.357999999999997
2012-05-20,108.03,1054302.0,97.6609,92.75566,0.16,23.14
2012-05-27,107.86,1056515.0,97.6609,93.56856,0.16,22.024
2012-06-03,98.63,1054752.0,97.6663,94.390125,0.16,23.9725
2012-06-10,97.57,1054561.0,97.6663,94.22988000000001,0.16,23.182
2012-06-17,97.13,1057422.0,97.6663,93.85452000000001,0.16,22.541999999999998
2012-06-24,89.22,1057289.0,97.6663,93.4828,0.16,18.426
2012-07-01,94.17,1053019.0,97.8713,93.79285999999999,0.16,19.268
2012-07-08,98.5,1048164.0,97.8713,93.1329,0.16,17.015
2012-07-15,101.91,1047355.0,97.8713,93.6664,0.16,17.944
2012-07-22,106.98,1050072.0,97.8713,93.24578,0.16,16.294
2012-07-29,106.3,1043549.0,97.8713,93.70848,0.16,18.532
2012-08-05,109.57,1039774.0,97.4525,92.96336,0.13,17.826
2012-08-12,113.13,1036075.0,97.4525,92.5212,0.13,15.456
2012-08-19,115.2,1030663.0,97.4525,92.63584,0.13,14.184000000000001
2012-08-26,115.76,1034441.0,97.4525,92.35040000000001,0.13,15.057999999999998
2012-09-02,113.93,1027015.0,97.381,92.33814,0.14,17.04
2012-09-09,113.64,1027424.0,97.381,91.88215,0.14,16.425
2012-09-16,117.48,1035960.0,97.381,90.90444,0.14,15.41
2012-09-23,111.27,1033514.0,97.381,90.5097,0.14,14.14
2012-09-30,111.36,1033032.0,97.381,90.8049,0.14,15.392000000000001
2012-10-07,112.17,1034544.0,97.7193,90.5992,0.16,15.268
2012-10-14,115.17,1037404.0,97.7193,90.795075,0.16,15.9
2012-10-21,111.89,1043300.0,97.7193,90.52423999999999,0.16,15.530000000000001
2012-10-28,108.9,1041255.0,97.7193,91.03484,0.16,17.942
2012-11-04,106.79,1042802.0,98.0777,91.18786666666666,0.16,17.62666666666667
2012-11-11,108.61,1043891.0,98.0777,91.48892000000001,0.16,18.436
2012-11-18,106.81,1042425.0,98.0777,91.85575,0.16,17.130000000000003
2012-11-25,110.14,1042078.0,98.0777,91.51185,0.16,15.1925
2012-12-02,110.84,1039721.0,98.3101,91.23678,0.16,15.572
2012-12-09,107.16,1039861.0,98.3101,91.00642,0.16,16.54
2012-12-16,109.28,1038897.0,98.3101,90.81316,0.16,16.226
2012-12-23,109.13,1038311.0,98.3101,90.63698,0.16,16.956
2012-12-30,110.05,1027191.0,98.3101,91.0604,0.16,19.877499999999998
2013-01-06,112.58,1028083.0,98.3342,90.922425,0.14,15.2725
2013-01-13,110.3,1027447.0,98.3342,90.84574,0.14,13.613999999999999
2013-01-20,111.71,1030260.0,98.3342,90.60368,0.14,13.303999999999998
2013-01-27,113.88,1036400.0,98.3342,90.9062,0.14,12.6175
2013-02-03,115.55,1039081.0,98.7941,90.90997999999999,0.15,13.675999999999998
2013-02-10,118.9,1039803.0,98.7941,91.09456,0.15,13.663999999999998
2013-02-17,117.4,1043946.0,98.7941,91.363,0.15,12.736
2013-02-24,113.74,1045076.0,98.7941,91.83382499999999,0.15,14.095
2013-03-03,110.14,1048812.0,99.1921,92.35378,0.14,16.291999999999998
2013-03-10,108.91,1051436.0,99.1921,92.574875,0.14,13.334
2013-03-17,109.32,1050122.0,99.1921,92.39775999999999,0.14,11.652000000000001
2013-03-24,106.51,1053378.0,99.1921,92.36302,0.14,13.596
2013-03-31,108.46,1056085.0,99.1921,92.30850000000001,0.14,13.09
2013-04-07,103.98,1055967.0,99.1065,92.18196,0.15,13.675999999999998
2013-04-14,100.58,1054734.0,99.1065,91.93046,0.15,12.538
2013-04-21,98.94,1055681.0,99.1065,92.06412,0.15,16.054
2013-04-28,102.39,1062377.0,99.1065,92.22828,0.15,13.741999999999999
2013-05-05,104.6,1062748.0,99.1839,91.51744,0.11,13.632
2013-05-12,101.31,1062124.0,99.1839,91.57998,0.11,12.774000000000001
2013-05-19,103.83,1061786.0,99.1839,92.64636,0.11,12.73
2013-05-26,101.24,1064786.0,99.1839,93.16011999999999,0.11,13.654
2013-06-02,100.43,1058519.0,99.3897,93.53645,0.09,15.035
2013-06-09,104.07,1061148.0,99.3897,93.03186000000001,0.09,16.363999999999997
2013-06-16,105.1,1061461.0,99.3897,92.55672,0.09,16.932
2013-06-23,100.36,1061479.0,99.3897,93.18024,0.09,17.887999999999998
2013-06-30,102.49,1051132.0,99.3897,94.36564000000001,0.09,17.901999999999997
2013-07-07,107.46,1041395.0,99.0814,94.511375,0.09,15.975000000000001
2013-07-14,109.03,1034493.0,99.0814,94.5307,0.09,14.238
2013-07-21,109.34,1031668.0,99.0814,93.64056000000001,0.09,13.66
2013-07-28,107.57,1032099.0,99.0814,93.2313,0.09,12.764
2013-08-04,109.63,1030668.0,99.6543,93.50206,0.08,13.030000000000001
2013-08-11,108.49,1027856.0,99.6543,93.15596000000001,0.08,12.736
2013-08-18,111.82,1026428.0,99.6543,93.34144,0.08,13.452000000000002
2013-08-25,112.12,1029414.0,99.6543,93.89582,0.08,14.937999999999999
2013-09-01,115.97,1027578.0,100.161,94.47706,0.08,16.413999999999998
2013-09-08,117.15,1026960.0,100.161,94.667275,0.08,16.0275
2013-09-15,113.31,1022592.0,100.161,93.7814,0.08,14.486
2013-09-22,110.22,1025227.0,100.161,92.95612,0.08,13.756
2013-09-29,109.45,1030699.0,100.161,92.82678,0.08,14.384
2013-10-06,109.42,1037443.0,100.082,92.80744,0.09,16.630000000000003
2013-10-13,110.65,1041442.0,100.082,92.84461999999999,0.09,18.31
2013-10-20,109.4,1046688.0,100.082,92.3674,0.09,15.192000000000002
2013-10-27,105.7,1050775.0,100.082,92.12996000000001,0.09,13.24
2013-11-03,105.78,1051964.0,100.3158,92.53598,0.08,13.48
2013-11-10,104.29,1054604.0,100.3158,93.26072,0.08,13.136000000000001
2013-11-17,108.25,1054979.0,100.3158,93.492025,0.08,12.486
2013-11-24,111.36,1057932.0,100.3158,93.2562,0.08,12.962
2013-12-01,111.07,1052347.0,100.5175,93.598,0.09,13.07
2013-12-08,111.5,1041343.0,100.5175,93.70206,0.09,14.469999999999999
2013-12-15,108.08,1038402.0,100.5175,93.25365,0.09,14.824000000000002
2013-12-22,112.15,1033671.0,100.5175,93.47962,0.09,14.796000000000001
2013-12-29,112.06,1026664.0,100.5175,93.67830000000001,0.09,12.5775
2014-01-05,106.57,1022706.0,100.1599,93.67909999999999,0.07,13.8175
2014-01-12,106.44,1015048.0,100.1599,94.10064,0.07,12.874
2014-01-19,108.45,1016038.0,100.1599,94.28112,0.07,12.562
2014-01-26,109.14,1022459.0,100.1599,94.805975,0.07,14.405
2014-02-02,108.16,1022899.0,100.9168,94.99096,0.07,17.254
2014-02-09,110.12,1025952.0,100.9168,94.95652,0.07,18.604
2014-02-16,108.63,1026925.0,100.9168,94.56215,0.07,14.356
2014-02-23,109.03,1026993.0,100.9168,94.41016666666667,0.07,14.709999999999999
2014-03-02,108.98,1028422.0,101.8942,94.54264,0.08,14.057999999999998
2014-03-09,109.14,1034302.0,101.8942,94.340925,0.08,14.462
2014-03-16,108.08,1040152.0,101.8942,94.33045999999999,0.08,15.501999999999999
2014-03-23,107.2,1046771.0,101.8942,94.6229,0.08,14.959999999999999
2014-03-30,106.64,1044392.0,101.8942,94.52496,0.08,14.613999999999999
2014-04-06,106.41,1048070.0,101.9928,94.2818,0.09,13.48
2014-04-13,107.34,1057460.0,101.9928,93.71387999999999,0.09,15.440000000000001
2014-04-20,109.79,1060446.0,101.9928,93.91116,0.09,14.815
2014-04-27,109.53,1061189.0,101.9928,94.11092,0.09,13.418000000000001
2014-05-04,109.48,1058868.0,102.3836,93.94908000000001,0.09,13.45
2014-05-11,108.26,1058471.0,102.3836,93.52590000000001,0.09,13.368
2014-05-18,110.9,1050696.0,102.3836,93.64796,0.09,12.428
2014-05-25,110.19,1052353.0,102.3836,93.66668,0.09,12.136
2014-06-01,109.21,1048922.0,102.735,93.79475,0.1,11.54
2014-06-08,109.21,1046192.0,102.735,94.01164,0.1,11.588
2014-06-15,113.15,1045614.0,102.735,93.94666,0.1,11.696000000000002
2014-06-22,114.55,1047356.0,102.735,93.90208,0.1,11.358
2014-06-29,112.62,1044201.0,102.735,93.57356,0.1,11.518
2014-07-06,108.98,1041794.0,102.9632,93.22625,0.09,10.965
2014-07-13,105.77,1034269.0,102.9632,93.33272,0.09,11.926
2014-07-20,106.03,1030300.0,102.9632,93.58164000000001,0.09,12.276
2014-07-27,106.89,1026603.0,102.9632,93.66911999999999,0.09,12.22
2014-08-03,103.45,1025139.0,102.7688,94.22874,0.09,14.63
2014-08-10,103.36,1026540.0,102.7688,94.59434,0.09,16.157999999999998
2014-08-17,101.13,1022066.0,102.7688,94.42216,0.09,13.366
2014-08-24,100.09,1019996.0,102.7688,94.55108,0.09,11.908
2014-08-31,101.12,1019091.0,102.7688,94.77673999999999,0.09,11.828
2014-09-07,99.51,1018400.0,103.0641,95.104575,0.09,12.335
2014-09-14,96.31,1022073.0,103.0641,95.83102,0.09,13.030000000000001
2014-09-21,96.75,1017800.0,103.0641,96.0697,0.09,12.728
2014-09-28,95.08,1016435.0,103.0641,96.74758,0.09,14.475999999999999
2014-10-05,90.8,1021349.0,103.0764,97.54158,0.09,15.942000000000002
2014-10-12,88.66,1030271.0,103.0764,97.41544,0.09,17.554
2014-10-19,85.27,1037382.0,103.0764,97.335275,0.09,24.174
2014-10-26,86.0,1039442.0,103.0764,97.41542,0.09,17.032
2014-11-02,84.17,1039902.0,103.7126,97.46928,0.09,14.825999999999999
2014-11-09,83.2,1037116.0,103.7126,98.81118000000001,0.09,14.116
2014-11-16,77.51,1039724.0,103.7126,99.0041,0.09,13.142
2014-11-23,79.2,1041670.0,103.7126,99.2049,0.09,13.658000000000001
2014-11-30,71.89,1037980.0,103.7126,99.4919,0.09,12.567499999999999
2014-12-07,68.0,1039276.0,103.7044,100.48116,0.12,12.762
2014-12-14,61.67,1038429.0,103.7044,101.1918,0.12,17.758
2014-12-21,58.87,1045696.0,103.7044,101.71082,0.12,19.346
2014-12-28,58.72,1043942.0,103.7044,102.21499999999999,0.12,14.73
2015-01-04,55.38,1039767.0,102.8905,102.4164,0.11,16.9925
2015-01-11,47.64,1045154.0,102.8905,103.36484,0.11,18.982
2015-01-18,47.38,1055224.0,102.8905,103.17986,0.11,20.996000000000002
2015-01-25,46.69,1064097.0,102.8905,103.90095,0.11,17.95
2015-02-01,47.52,1070430.0,102.2335,104.79695999999998,0.11,18.582
2015-02-08,55.88,1074756.0,102.2335,104.84338,0.11,17.845999999999997
2015-02-15,60.33,1082471.0,102.2335,105.17048,0.11,16.554
2015-02-22,60.99,1090898.0,102.2335,105.2436,0.11,15.21
2015-03-01,61.89,1101201.0,101.8914,105.44672,0.11,13.868
2015-03-08,59.15,1106378.0,101.8914,106.234575,0.11,14.074000000000002
2015-03-15,54.8,1116000.0,101.8914,108.25028,0.11,16.008000000000003
2015-03-22,53.88,1124169.0,101.8914,108.19608000000001,0.11,14.466
2015-03-29,56.44,1128935.0,101.8914,106.53114000000001,0.11,14.668000000000001
2015-04-05,55.73,1140614.0,101.3355,106.89072000000002,0.12,14.895
2015-04-12,56.82,1141906.0,101.3355,106.62912000000001,0.12,13.834
2015-04-19,61.31,1147221.0,101.3355,106.91922,0.12,13.388
2015-04-26,62.96,1149129.0,101.3355,106.34013999999999,0.12,12.806000000000001
2015-05-03,64.13,1145027.0,100.8883,105.26522,0.12,13.234
2015-05-10,63.82,1142835.0,100.8883,105.12750000000001,0.12,14.059999999999999
2015-05-17,64.69,1140474.0,100.8883,104.56336000000002,0.12,13.318000000000001
2015-05-24,64.7,1138259.0,100.8883,105.34832000000002,0.12,12.540000000000001
2015-05-31,63.16,1136810.0,100.8883,106.82405,0.12,13.620000000000001
2015-06-07,60.36,1130792.0,100.571,106.68498,0.13,14.158000000000001
2015-06-14,63.19,1128715.0,100.571,106.15834,0.13,13.922
2015-06-21,59.41,1124131.0,100.571,105.73116,0.13,14.37
2015-06-28,60.14,1126915.0,100.571,106.03353999999999,0.13,13.228
2015-07-05,59.06,1127937.0,101.2228,106.704575,0.13,17.490000000000002
2015-07-12,57.72,1123990.0,101.2228,107.43304,0.13,17.912
2015-07-19,56.38,1126971.0,101.2228,107.95882000000002,0.13,12.912
2015-07-26,54.29,1122767.0,101.2228,108.72786,0.13,12.594
2015-08-02,53.29,1118360.0,101.0367,108.83984000000001,0.14,13.157999999999998
2015-08-09,47.54,1116956.0,101.0367,109.48800000000001,0.14,13.046000000000001
2015-08-16,47.79,1119575.0,101.0367,109.68498,0.14,13.174000000000001
2015-08-23,43.84,1114123.0,101.0367,110.21584,0.14,17.846
2015-08-30,47.97,1118790.0,101.0367,110.4011,0.14,31.846000000000004
2015-09-06,48.59,1121192.0,100.7547,110.7538,0.14,27.865999999999996
2015-09-13,46.87,1119088.0,100.7547,110.740175,0.14,24.675
2015-09-20,47.28,1117163.0,100.7547,110.23594,0.14,22.312
2015-09-27,47.28,1121116.0,100.7547,111.25694000000001,0.14,22.36
2015-10-04,46.55,1124156.0,100.2675,111.19778000000001,0.12,24.490000000000002
2015-10-11,52.08,1131718.0,100.2675,109.82424,0.12,18.368000000000002
2015-10-18,48.96,1139745.0,100.2675,109.04975,0.12,16.594
2015-10-25,46.3,1143121.0,100.2675,109.79285999999999,0.12,15.268
2015-11-01,48.0,1145968.0,99.5298,110.3892,0.12,14.946000000000002
2015-11-08,46.09,1149948.0,99.5298,110.75344,0.12,14.716
2015-11-15,41.98,1150200.0,99.5298,111.9315,0.12,17.264
2015-11-22,42.49,1151160.0,99.5298,112.05102,0.12,17.262
2015-11-29,43.07,1152337.0,99.5298,112.013075,0.12,15.465
2015-12-06,41.44,1148676.0,99.0417,112.00237999999999,0.24,15.925999999999998
2015-12-13,36.99,1153477.0,99.0417,112.40556,0.24,19.356
2015-12-20,36.76,1147600.0,99.0417,113.14016,0.24,20.236
2015-12-27,37.22,1150226.0,99.0417,113.214925,0.24,16.6525
2016-01-03,36.61,1146076.0,99.5607,113.256525,0.34,17.1225
2016-01-10,31.67,1146309.0,99.5607,114.54064000000001,0.34,22.526
2016-01-17,28.8,1150287.0,99.5607,115.31884,0.34,24.592
2016-01-24,30.46,1158670.0,99.5607,116.04953333333333,0.34,25.6675
2016-01-31,33.14,1166461.0,99.5607,115.43473333333333,0.34,22.476
2016-02-07,32.35,1165792.0,99.0445,114.67904000000001,0.38,21.766
2016-02-14,31.8,1167939.0,99.0445,114.26669999999999,0.38,26.474
2016-02-21,31.66,1171440.0,99.0445,114.04984999999999,0.38,22.1475
2016-02-28,35.76,1181814.0,99.0445,114.09295999999999,0.38,20.0
2016-03-06,37.61,1185955.0,98.3096,113.57033999999999,0.36,17.78
2016-03-13,39.41,1187274.0,98.3096,112.41105999999999,0.36,17.782
2016-03-20,39.26,1196631.0,98.3096,111.66887999999999,0.36,15.442000000000002
2016-03-27,38.33,1198928.0,98.3096,111.33156,0.36,14.41
2016-04-03,36.42,1193710.0,98.6421,110.63566,0.37,13.934000000000001
2016-04-10,40.71,1200344.0,98.6421,110.63802000000001,0.37,15.030000000000001
2016-04-17,41.32,1202424.0,98.6421,110.05956,0.37,14.458000000000002
2016-04-24,43.97,1204422.0,98.6421,109.74928,0.37,13.407999999999998
2016-05-01,45.64,1207203.0,98.4184,109.56532,0.37,14.546000000000001
2016-05-08,44.6,1203594.0,98.4184,109.72986,0.37,15.392
2016-05-15,47.05,1204904.0,98.4184,110.79906000000001,0.37,14.468
2016-05-22,48.54,1200677.0,98.4184,111.62464,0.37,15.545999999999998
2016-05-29,49.09,1199311.0,98.4184,112.15108000000001,0.37,14.138
2016-06-05,48.5,1196948.0,98.8833,112.19777500000001,0.38,13.8725
2016-06-12,49.7,1196015.0,98.8833,110.79567999999999,0.38,14.690000000000001
2016-06-19,46.57,1195098.0,98.8833,111.80424000000001,0.38,20.078
2016-06-26,46.69,1191045.0,98.8833,111.00852,0.38,20.206
2016-07-03,47.65,1188820.0,98.9992,112.3114,0.39,17.928
2016-07-10,44.53,1186272.0,98.9992,112.485175,0.39,14.625
2016-07-17,46.25,1183929.0,98.9992,112.14294,0.39,13.124
2016-07-24,44.24,1185600.0,98.9992,112.63430000000001,0.39,12.187999999999999
2016-07-31,40.76,1187013.0,98.9992,112.8136,0.39,12.668000000000001
2016-08-07,42.47,1188065.0,98.85,111.98076,0.4,12.495999999999999
2016-08-14,45.12,1185557.0,98.85,111.51310000000001,0.4,11.687999999999999
2016-08-21,49.39,1188057.0,98.85,110.68526,0.4,11.882
2016-08-28,49.66,1190332.0,98.85,111.1226,0.4,13.075999999999999
2016-09-04,45.96,1175818.0,98.7457,112.14962,0.4,12.988
2016-09-11,48.37,1175259.0,98.7457,111.29545,0.4,13.4925
2016-09-18,45.26,1169058.0,98.7457,112.55838000000001,0.4,16.564
2016-09-25,46.71,1167176.0,98.7457,112.80956,0.4,13.812000000000001
2016-10-02,48.24,1164199.0,98.7611,112.49168,0.4,13.459999999999999
2016-10-09,50.49,1169048.0,98.7611,112.85166,0.4,13.302000000000001
2016-10-16,48.87,1163800.0,98.7611,113.6315,0.4,15.492
2016-10-23,50.28,1163247.0,98.7611,113.40952,0.4,14.597999999999999
2016-10-30,47.78,1177666.0,98.7611,113.92864,0.4,14.454000000000002
2016-11-06,43.06,1180097.0,98.3491,113.85601999999999,0.41,19.906
2016-11-13,41.61,1185371.0,98.3491,114.369775,0.41,16.148
2016-11-20,44.41,1184115.0,98.3491,117.05838000000001,0.41,13.553999999999998
2016-11-27,46.32,1183230.0,98.3491,117.74565,0.41,12.4
2016-12-04,52.35,1180840.0,99.0214,117.62224,0.54,13.514
2016-12-11,52.19,1178277.0,99.0214,117.00228,0.54,12.108
2016-12-18,54.15,1180532.0,99.0214,117.52356,0.54,12.708
2016-12-25,53.93,1181145.0,99.0214,118.641,0.54,11.459999999999999
2017-01-01,54.96,1174094.0,98.7611,118.79785,0.65,13.087499999999999
2017-01-08,55.9,1178191.0,98.7611,118.58,0.65,11.9225
2017-01-15,54.37,1180537.0,98.7611,118.35202,0.65,11.416
2017-01-22,55.04,1183377.0,98.7611,117.76933333333334,0.65,12.1675
2017-01-29,54.8,1189841.0,98.7611,117.11702,0.65,10.972
2017-02-05,55.92,1203670.0,98.3646,116.17537999999999,0.66,11.716
2017-02-12,55.2,1213197.0,98.3646,116.21016,0.66,11.168
2017-02-19,54.48,1213761.0,98.3646,116.2728,0.66,11.406
2017-02-26,54.69,1215260.0,98.3646,116.068175,0.66,11.6225
2017-03-05,54.12,1223218.0,99.0137,116.32086,0.79,12.064
2017-03-12,50.63,1222165.0,99.0137,116.6697,0.79,11.702
2017-03-19,50.58,1226493.0,99.0137,116.00945999999999,0.79,11.554
2017-03-26,49.97,1226636.0,99.0137,114.81505999999999,0.79,12.540000000000001
2017-04-02,52.2,1227678.0,100.0224,114.53774000000001,0.9,11.872
2017-04-09,54.24,1224887.0,100.0224,114.97988000000001,0.9,12.464
2017-04-16,55.05,1223654.0,100.0224,114.81558,0.9,15.2125
2017-04-23,49.93,1219512.0,100.0224,114.56228000000002,0.9,14.558000000000002
2017-04-30,49.46,1217110.0,100.0224,114.72144,0.9,10.725999999999999
2017-05-07,47.45,1211312.0,100.1408,114.72301999999999,0.91,10.482
2017-05-14,49.08,1208831.0,100.1408,115.08242,0.91,10.187999999999999
2017-05-21,52.78,1204001.0,100.1408,114.01234,0.91,12.672
2017-05-28,50.84,1196594.0,100.1408,113.55224000000001,0.91,10.294
2017-06-04,48.46,1198233.0,100.3471,113.335825,1.04,10.1075
2017-06-11,46.64,1196171.0,100.3471,112.85907999999999,1.04,10.354
2017-06-18,45.7,1192937.0,100.3471,112.63409999999999,1.04,10.760000000000002
2017-06-25,44.14,1191649.0,100.3471,113.07840000000002,1.04,10.495999999999999
2017-07-02,47.08,1184951.0,100.1068,112.27511999999999,1.15,10.722
2017-07-09,46.47,1174237.0,100.1068,112.45345,1.15,11.504999999999999
2017-07-16,47.89,1169508.0,100.1068,111.6673,1.15,10.342
2017-07-23,47.47,1162300.0,100.1068,110.44841999999998,1.15,9.687999999999999
2017-07-30,52.0,1160772.0,100.1068,110.2002,1.15,9.772
2017-08-06,52.48,1154320.0,99.6925,109.90630000000002,1.16,10.219999999999999
2017-08-13,51.47,1145375.0,99.6925,110.27338,1.16,12.709999999999999
2017-08-20,50.96,1142048.0,99.6925,110.24546000000001,1.16,13.184000000000001
2017-08-27,51.87,1136653.0,99.6925,109.69538,1.16,12.059999999999999
2017-09-03,53.15,1140953.0,99.7954,109.22005999999999,1.15,10.992
2017-09-10,54.55,1145248.0,99.7954,108.271625,1.15,11.8825
2017-09-17,56.18,1148229.0,99.7954,108.41448,1.15,10.484
2017-09-24,58.16,1145587.0,99.7954,108.67362,1.15,9.873999999999999
2017-10-01,57.02,1138612.0,101.0247,109.90149999999998,1.15,9.862
2017-10-08,55.5,1134665.0,101.0247,110.46112000000001,1.15,9.486
2017-10-15,56.86,1128176.0,101.0247,110.2973,1.15,9.956
2017-10-22,57.89,1128718.0,101.0247,110.73478,1.15,10.062000000000001
2017-10-29,60.15,1125493.0,101.0247,111.55956,1.15,10.912
2017-11-05,61.42,1127049.0,101.2664,111.79722,1.16,9.99
2017-11-12,64.35,1128197.0,101.2664,111.7301,1.16,10.172
2017-11-19,61.34,1124617.0,101.2664,111.40646,1.16,11.882
2017-11-26,63.58,1118824.0,101.2664,110.70779999999999,1.16,9.9825
2017-12-03,64.57,1110766.0,101.4644,110.2696,1.3,10.661999999999999
2017-12-10,63.86,1105897.0,101.4644,110.80073999999999,1.3,10.754
2017-12-17,63.81,1099785.0,101.4644,111.21958,1.3,9.870000000000001
2017-12-24,64.61,1095274.0,101.4644,110.96970000000002,1.3,9.76
2017-12-31,66.73,1088211.0,101.4644,110.6062,1.3,10.485
2018-01-07,68.01,1083262.0,101.4625,109.53672499999999,1.41,9.34
2018-01-14,69.64,1076872.0,101.4625,109.49767999999999,1.41,9.892
2018-01-21,68.56,1076037.0,101.4625,108.12135,1.41,11.765
2018-01-28,70.08,1083045.0,101.4625,107.27628,1.41,11.251999999999999
2018-02-04,67.45,1085402.0,101.7085,106.9186,1.42,14.589999999999998
2018-02-11,63.04,1087663.0,101.7085,107.82572,1.42,31.51
2018-02-18,64.3,1085351.0,101.7085,107.45645999999999,1.42,21.686
2018-02-25,67.04,1088779.0,101.7085,107.76,1.42,18.9575
2018-03-04,64.26,1091364.0,102.2067,108.20847499999999,1.51,19.259999999999998
2018-03-11,65.19,1096386.0,102.2067,108.08789999999999,1.51,17.206
2018-03-18,64.68,1093764.0,102.2067,108.03617999999999,1.51,16.35
2018-03-25,69.03,1095407.0,102.2067,108.1382,1.51,20.657999999999998
2018-04-01,69.02,1090788.0,103.3329,107.4469,1.69,21.5925
2018-04-08,66.51,1094094.0,103.3329,107.6837,1.69,21.042
2018-04-15,73.18,1093023.0,103.3329,107.30944,1.69,19.676
2018-04-22,74.62,1094455.0,103.3329,107.38038000000002,1.69,16.05
2018-04-29,75.33,1100221.0,103.3329,109.12132,1.69,16.77
2018-05-06,74.75,1097315.0,102.4024,109.93472,1.7,15.612
2018-05-13,77.37,1094391.0,102.4024,110.64132,1.7,13.752
2018-05-20,78.38,1099468.0,102.4024,111.20316,1.7,13.565999999999999
2018-05-27,76.6,1095289.0,102.4024,111.52000000000001,1.7,12.925999999999998
2018-06-03,74.54,1096752.0,103.198,111.925425,1.82,15.2125
2018-06-10,75.11,1092609.0,103.198,112.00406000000001,1.82,12.218
2018-06-17,72.02,1086543.0,103.198,112.55586000000001,1.82,12.346
2018-06-24,73.67,1076652.0,103.198,113.50457999999999,1.82,13.372
2018-07-01,77.44,1077897.0,103.3646,113.51676,1.91,16.82
2018-07-08,74.98,1065263.0,103.3646,113.27705,1.91,15.02
2018-07-15,74.11,1071098.0,103.3646,112.78591999999999,1.91,12.744
2018-07-22,71.99,1064951.0,103.3646,113.3193,1.91,12.544
2018-07-29,74.84,1068754.0,103.3646,113.05632,1.91,12.498
2018-08-05,72.48,1067402.0,104.0327,112.88082,1.91,12.813999999999998
2018-08-12,71.0,1074207.0,104.0327,113.40542,1.91,11.495999999999999
2018-08-19,70.14,1068370.0,104.0327,114.76741999999999,1.91,13.764
2018-08-26,74.41,1065804.0,104.0327,113.91309999999999,1.91,12.4
2018-09-02,76.94,1061502.0,104.1004,113.72559999999999,1.95,12.66
2018-09-09,75.55,1056205.0,104.1004,114.7089,1.95,14.15
2018-09-16,77.87,1054147.0,104.1004,114.3194,1.95,12.992
2018-09-23,78.9,1055999.0,104.1004,113.67034000000001,1.95,12.34
2018-09-30,82.72,1063974.0,104.1004,113.74206,1.95,12.408
2018-10-07,85.12,1068655.0,103.9856,114.22470000000001,2.19,12.940000000000001
2018-10-14,80.71,1074075.0,103.9856,114.51050000000001,2.19,20.178
2018-10-21,80.38,1079263.0,103.9856,114.35798,2.19,19.253999999999998
2018-10-28,77.4,1080939.0,103.9856,115.33498,2.19,22.792
2018-11-04,71.11,1086487.0,104.0681,116.03322,2.2,21.625999999999998
2018-11-11,69.01,1095386.0,104.0681,115.72854,2.2,18.062
2018-11-18,65.29,1099477.0,104.0681,116.36982499999999,2.2,19.968
2018-11-25,57.69,1101049.0,104.0681,116.19647499999999,2.2,21.225
2018-12-02,57.71,1092723.0,104.0936,116.59286,2.27,18.654
2018-12-09,61.71,1091517.0,104.0936,116.098075,2.27,20.4
2018-12-16,58.56,1090594.0,104.0936,116.56796,2.27,21.628
2018-12-23,51.93,1090550.0,104.0936,116.2349,2.27,26.833999999999996
2018-12-30,50.57,1090557.0,104.0936,116.012575,2.27,31.195
2019-01-06,55.64,1088877.0,103.4021,115.44515,2.4,23.8675
2019-01-13,59.24,1086194.0,103.4021,114.30430000000001,2.4,19.907999999999998
2019-01-20,62.04,1094164.0,103.4021,114.361675,2.4,18.514
2019-01-27,61.49,1095083.0,103.4021,114.491675,2.4,19.1575
2019-02-03,61.86,1096346.0,102.8371,113.8913,2.4,17.674
2019-02-10,61.37,1099979.0,102.8371,114.21687999999999,2.4,15.754000000000001
2019-02-17,65.65,1103651.0,102.8371,114.95888,2.4,15.636000000000001
2019-02-24,66.91,1095004.0,102.8371,114.45023333333334,2.4,14.217500000000001
2019-03-03,63.71,1102060.0,102.8757,114.19736,2.41,14.613999999999999
2019-03-10,65.66,1098198.0,102.8757,115.06394,2.41,15.55
2019-03-17,66.11,1088609.0,102.8757,114.86887999999999,2.41,13.578
2019-03-24,66.29,1091409.0,102.8757,114.33496,2.41,14.136000000000001
2019-03-31,67.93,1098647.0,102.8757,114.9156,2.41,14.86
2019-04-07,69.93,1105676.0,102.274,114.94338,2.42,13.38
2019-04-14,71.57,1104280.0,102.274,114.52634,2.42,13.157999999999998
2019-04-21,70.71,1109759.0,102.274,114.61794,2.42,12.2975
2019-04-28,71.03,1119154.0,102.274,115.31869999999999,2.42,12.764
2019-05-05,71.95,1114321.0,102.392,115.33586,2.39,13.663999999999998
2019-05-12,71.63,1117988.0,102.392,115.57706,2.39,17.86
2019-05-19,73.94,1121593.0,102.392,116.03932,2.39,17.259999999999998
2019-05-26,67.98,1121311.0,102.392,116.23098,2.39,15.756
2019-06-02,66.78,1128082.0,102.4375,116.499275,2.38,17.8525
2019-06-09,64.1,1130288.0,102.4375,116.06226,2.38,16.830000000000002
2019-06-16,63.13,1127182.0,102.4375,115.57014,2.38,15.788
2019-06-23,65.99,1114394.0,102.4375,115.45586,2.38,14.996
2019-06-30,67.52,1113309.0,102.4375,114.62002,2.38,15.73
2019-07-07,64.23,1103810.0,101.9408,114.8691,2.4,13.21
2019-07-14,66.65,1100694.0,101.9408,114.96392,2.4,13.280000000000001
2019-07-21,61.04,1089859.0,101.9408,114.86376,2.4,13.498
2019-07-28,62.46,1081363.0,101.9408,115.2776,2.4,12.622
2019-08-04,61.12,1083748.0,102.639,115.78810000000001,2.13,15.674000000000001
2019-08-11,57.37,1085328.0,102.639,116.59801999999999,2.13,19.826
2019-08-18,59.0,1082596.0,102.639,116.97506000000001,2.13,20.072
2019-08-25,58.64,1072569.0,102.639,117.31886,2.13,17.346
2019-09-01,61.04,1067798.0,102.2917,117.9025,2.04,19.168
2019-09-08,61.28,1060886.0,102.2917,117.64775,2.04,17.064999999999998
2019-09-15,61.25,1061944.0,102.2917,117.0133,2.04,14.607999999999999
2019-09-22,65.23,1064356.0,102.2917,117.05046,2.04,14.486
2019-09-29,62.48,1067460.0,102.2917,117.52449999999999,2.04,16.242
2019-10-06,59.13,1070187.0,101.4281,117.81246000000002,1.83,18.304
2019-10-13,60.59,1078199.0,101.4281,117.4163,1.83,17.986
2019-10-20,59.96,1075501.0,101.4281,116.462375,1.83,13.966
2019-10-27,62.06,1080505.0,101.4281,116.05850000000001,1.83,13.766
2019-11-03,60.17,1087734.0,101.9372,115.96184000000001,1.55,12.831999999999999
2019-11-10,62.0,1088510.0,101.9372,116.10747999999998,1.55,12.67
2019-11-17,63.32,1087917.0,101.9372,116.666425,1.55,12.693999999999999
2019-11-24,64.83,1088122.0,101.9372,116.67736,1.55,12.714
2019-12-01,64.5,1082262.0,101.7003,117.0772,1.55,11.945
2019-12-08,66.5,1082886.0,101.7003,116.69368,1.55,14.762
2019-12-15,67.44,1081800.0,101.7003,116.06022,1.55,14.62
2019-12-22,68.66,1076326.0,101.7003,115.62614,1.55,12.404
2019-12-29,68.91,1064863.0,101.7003,115.5533,1.55,12.84
2020-01-05,69.08,1066027.0,101.0338,114.898325,1.55,13.7725
2020-01-12,66.77,1063478.0,101.0338,115.10740000000001,1.55,13.238
2020-01-19,64.05,1063073.0,101.0338,115.01541999999999,1.55,12.309999999999999
2020-01-26,59.34,1066621.0,101.0338,115.38125,1.55,13.325
2020-02-02,57.77,1069976.0,101.3735,115.75336,1.58,17.046
2020-02-09,54.53,1077435.0,101.3735,116.14313999999999,1.58,15.919999999999998
2020-02-16,57.37,1077850.0,101.3735,116.40624,1.58,14.357999999999999
2020-02-23,58.6,1078302.0,101.3735,116.919875,1.58,15.4625
2020-03-01,51.31,1079086.0,97.4078,117.41478,0.65,31.941999999999997
2020-03-08,45.6,1086750.0,97.4078,116.71822,0.65,36.757999999999996
2020-03-15,32.25,1088704.0,97.4078,118.85347999999999,0.65,57.791999999999994
2020-03-22,25.55,1090327.0,97.4078,123.5148,0.65,74.61800000000001
2020-03-29,22.39,1104160.0,97.4078,124.24988,0.65,62.75
2020-04-05,24.33,1119337.0,84.5619,123.5237,0.05,53.077999999999996
2020-04-12,20.23,1138585.0,84.5619,123.02248,0.05,44.24
2020-04-19,19.75,1153607.0,84.5619,122.80801999999998,0.05,39.606
2020-04-26,15.87,1163748.0,84.5619,123.77124,0.05,41.706
2020-05-03,18.49,1170054.0,85.9604,123.1016,0.05,33.886
2020-05-10,24.23,1171242.0,85.9604,123.05729999999998,0.05,32.624
2020-05-17,30.95,1168142.0,85.9604,123.41506,0.05,32.077999999999996
2020-05-24,33.8,1178181.0,85.9604,122.3751,0.05,29.101999999999997
2020-05-31,34.15,1180124.0,85.9604,121.228425,0.05,27.9325
2020-06-07,41.0,1188064.0,91.5934,119.46495999999999,0.08,26.212
2020-06-14,38.54,1191010.0,91.5934,118.93474,0.08,31.565999999999995
2020-06-21,42.33,1194443.0,91.5934,119.97346,0.08,33.92
2020-06-28,40.97,1188940.0,91.5934,119.97776000000002,0.08,32.786
2020-07-05,42.92,1195204.0,95.0256,120.26675,0.09,29.6275
2020-07-12,43.27,1187837.0,95.0256,119.45464,0.09,28.4
2020-07-19,43.53,1192727.0,95.0256,119.13276,0.09,28.630000000000003
2020-07-26,43.29,1182116.0,95.0256,118.35607999999999,0.09,25.107999999999997
2020-08-02,43.13,1174737.0,95.9549,117.30547999999999,0.1,24.7
2020-08-09,44.07,1167983.0,95.9549,117.42608,0.1,23.178
2020-08-16,44.86,1163680.0,95.9549,117.25498,0.1,22.524
2020-08-23,43.94,1157228.0,95.9549,116.74902,0.1,22.131999999999998
2020-08-30,45.22,1146566.0,95.9549,116.58866,0.1,23.02
2020-09-06,41.1,1148294.0,95.9669,115.89218000000001,0.09,28.689999999999998
2020-09-13,38.8,1141778.0,95.9669,116.13952499999999,0.09,29.2125
2020-09-20,42.16,1139358.0,95.9669,115.4532,0.09,25.954
2020-09-27,40.91,1135577.0,95.9669,117.11792,0.09,27.622000000000003
2020-10-04,38.0,1134933.0,96.7394,117.10891999999998,0.09,26.631999999999998
2020-10-11,41.63,1129956.0,96.7394,116.04618,0.09,27.372000000000003
2020-10-18,41.34,1128188.0,96.7394,115.86555,0.09,26.383999999999997
2020-10-25,40.71,1131850.0,96.7394,115.13816,0.09,28.568
2020-11-01,36.33,1123699.0,97.0816,115.70748,0.09,36.34
2020-11-08,38.08,1127412.0,97.0816,115.0663,0.09,30.938
2020-11-15,41.51,1127776.0,97.0816,114.1723,0.09,24.490000000000002
2020-11-22,43.79,1126911.0,97.0816,113.63124,0.09,23.162
2020-11-29,46.88,1126232.0,97.0816,113.45623333333333,0.09,21.5975
2020-12-06,49.1,1141316.0,98.363,112.48895999999999,0.09,20.916
2020-12-13,50.01,1138182.0,98.363,111.97067999999999,0.09,22.016
2020-12-20,52.17,1137619.0,98.363,111.71525999999999,0.09,22.722
2020-12-27,50.88,1131554.0,98.363,112.03896666666667,0.09,23.5575
2021-01-03,51.22,1123544.0,98.8822,111.529425,0.09,22.575
2021-01-10,55.51,1120296.0,98.8822,111.1208,0.09,24.262
2021-01-17,54.8,1124648.0,98.8822,111.48106,0.09,23.442
2021-01-24,55.22,1114739.0,98.8822,111.40053333333333,0.09,22.0125
2021-01-31,55.25,1113745.0,98.8822,111.91199999999999,0.09,29.344
2021-02-07,59.48,1106935.0,95.6149,112.38932,0.08,24.27
2021-02-14,62.47,1099530.0,95.6149,111.68196,0.08,21.216
2021-02-21,62.84,1100815.0,95.6149,111.9186,0.08,21.875
2021-02-28,65.86,1122378.0,95.6149,112.05864,0.08,24.948
2021-03-07,69.95,1136176.0,98.3856,112.85491999999999,0.07,25.470000000000002
2021-03-14,68.87,1138572.0,98.3856,113.54644,0.07,22.932
2021-03-21,64.0,1140484.0,98.3856,113.01712,0.07,20.316
2021-03-28,63.77,1139608.0,98.3856,113.53851999999999,0.07,19.81
2021-04-04,63.85,1136086.0,98.5587,113.88564000000001,0.07,19.27
2021-04-11,61.89,1129090.0,98.5587,113.2157,0.07,17.366
2021-04-18,65.98,1128941.0,98.5587,112.821,0.07,16.674
2021-04-25,65.75,1127582.0,98.5587,112.18292,0.07,17.901999999999997
2021-05-02,67.73,1118544.0,99.4333,111.86836000000001,0.06,17.740000000000002
2021-05-09,68.73,1116719.0,99.4333,111.8622,0.06,18.404
2021-05-16,69.24,1116138.0,99.4333,111.19539999999999,0.06,22.206
2021-05-23,66.72,1112830.0,99.4333,110.94189999999999,0.06,20.812
2021-05-30,69.36,1107103.0,99.4333,110.84957999999999,0.06,17.619999999999997
2021-06-06,71.3,1100513.0,99.7987,110.7537,0.08,17.46
2021-06-13,72.05,1092267.0,99.7987,110.67482,0.08,16.626
2021-06-20,73.1,1082948.0,99.7987,111.81022,0.08,18.002
2021-06-27,76.45,1074829.0,99.7987,112.48598,0.08,16.492
2021-07-04,77.51,1066780.0,100.2519,112.42438,0.1,15.632
2021-07-11,77.14,1058884.0,100.2519,112.992875,0.1,16.955
2021-07-18,74.46,1060991.0,100.2519,112.93888,0.1,17.016
2021-07-25,74.86,1056902.0,100.2519,113.51986,0.1,19.006
2021-08-01,77.72,1060529.0,100.0437,112.9564,0.09,18.238
2021-08-08,71.02,1060081.0,100.0437,112.89268,0.09,17.78
2021-08-15,70.9,1056846.0,100.0437,113.3124,0.09,16.122
2021-08-22,65.51,1053866.0,100.0437,113.81892,0.09,19.166
2021-08-29,72.26,1046697.0,100.0437,113.67644,0.09,17.278
2021-09-05,73.07,1045169.0,98.8579,112.91214,0.08,16.32
2021-09-12,72.44,1038218.0,98.8579,113.049225,0.08,18.9625
2021-09-19,74.64,1033533.0,98.8579,113.184,0.08,19.302
2021-09-26,77.42,1037231.0,98.8579,113.73101999999999,0.08,21.464
2021-10-03,79.4,1038657.0,100.1861,114.34387999999998,0.08,21.772
2021-10-10,82.17,1043945.0,100.1861,114.49216000000001,0.08,20.714
2021-10-17,84.67,1041820.0,100.1861,114.38012499999999,0.08,18.330000000000002
2021-10-24,85.43,1044998.0,100.1861,113.68679999999999,0.08,15.588
2021-10-31,83.1,1046643.0,100.1861,113.69492,0.08,16.198
2021-11-07,82.43,1044500.0,100.8654,114.25594000000001,0.08,15.892000000000001
2021-11-14,82.9,1039150.0,100.8654,114.0626,0.08,17.536
2021-11-21,80.24,1038525.0,100.8654,115.00728,0.08,17.094
2021-11-28,72.37,1035667.0,100.8654,116.110325,0.08,21.4375
2021-12-05,70.71,1033737.0,100.5726,116.18656000000001,0.08,27.978
2021-12-12,74.98,1027203.0,100.5726,115.76053999999999,0.08,21.848
2021-12-19,72.97,1019952.0,100.5726,116.00183999999999,0.08,20.726
2021-12-26,75.24,1015023.0,100.5726,115.850075,0.08,20.1175
2022-01-02,77.24,1011533.0,100.1856,115.3846,0.08,17.344
2022-01-09,82.28,1006680.0,100.1856,115.26142,0.08,18.322
2022-01-16,87.17,1005847.0,100.1856,114.59385999999999,0.08,18.986
2022-01-23,89.75,1006972.0,100.1856,114.606225,0.08,25.27
2022-01-30,91.47,1004055.0,100.1856,115.49566,0.08,30.233999999999998
2022-02-06,96.86,997902.0,100.8064,115.22619999999999,0.08,23.29
2022-02-13,97.5,996336.0,100.8064,114.86323999999999,0.08,23.106
2022-02-20,96.18,998406.0,100.8064,114.85737999999999,0.08,26.836000000000002
2022-02-27,98.56,993445.0,100.8064,115.14165,0.08,29.435
2022-03-06,123.86,989058.0,101.3907,115.87613999999999,0.2,31.333999999999996
2022-03-13,118.11,991420.0,101.3907,117.06016,0.2,33.002
2022-03-20,114.32,984722.0,101.3907,116.67768000000001,0.2,27.562
2022-03-27,122.67,978272.0,101.3907,115.95584000000001,0.2,22.504
2022-04-03,106.13,976951.0,101.44,115.5088,0.33,19.61
2022-04-10,101.26,982434.0,101.44,115.9819,0.33,20.881999999999998
2022-04-17,110.83,969713.0,101.44,116.53276000000001,0.33,23.2875
2022-04-24,105.15,967494.0,101.44,117.17378,0.33,22.95
2022-05-01,108.36,965712.0,101.3335,119.32422,0.77,31.106
2022-05-08,113.86,967208.0,101.3335,119.8021,0.77,29.68
2022-05-15,112.12,958804.0,101.3335,120.75753999999999,0.77,32.188
2022-05-22,113.63,951814.0,101.3335,119.87962,0.77,28.662
2022-05-29,121.19,941325.0,101.3335,118.67066,0.77,27.904000000000003
2022-06-05,125.68,936081.0,101.018,118.261725,1.21,25.586000000000002
2022-06-12,127.44,930326.0,101.018,118.81306,1.21,25.378
2022-06-19,119.22,923146.0,101.018,121.27356,1.21,32.082
2022-06-26,117.36,913434.0,101.018,120.602475,1.21,29.29
2022-07-03,119.21,915828.0,101.223,120.84523999999999,1.68,27.776
2022-07-10,113.95,912201.0,101.223,122.704875,1.68,26.504
2022-07-17,112.26,906758.0,101.223,123.51438,1.68,26.182
2022-07-24,106.77,896631.0,101.223,122.64169999999999,1.68,23.964
2022-07-31,111.51,896408.0,101.223,122.38366,1.68,22.99
2022-08-07,100.31,896568.0,101.0963,121.98052,2.33,22.262
2022-08-14,103.7,886110.0,101.0963,121.24566,2.33,20.506
2022-08-21,96.45,874737.0,101.0963,122.11922,2.33,19.94
2022-08-28,101.13,868344.0,101.0963,123.17858000000001,2.33,23.613999999999997
2022-09-04,93.09,869662.0,101.2918,123.77266,2.56,25.863999999999997
2022-09-11,91.68,863690.0,101.2918,124.4933,2.56,24.788
2022-09-18,89.43,857932.0,101.2918,124.39439999999999,2.56,25.974
2022-09-25,84.29,853142.0,101.2918,125.86542,2.56,27.636000000000003
2022-10-02,88.9,845592.0,101.2529,128.00788,3.08,31.7
2022-10-09,98.88,847781.0,101.2529,126.93704,3.08,29.919999999999998
2022-10-16,92.22,842492.0,101.2529,127.96832500000001,3.08,32.722
2022-10-23,91.82,841663.0,101.2529,127.92712000000002,3.08,30.46
2022-10-30,94.64,836622.0,101.2529,127.15922,3.08,27.746000000000002
2022-11-06,99.53,836974.0,100.9552,127.53063999999999,3.78,25.48
2022-11-13,96.37,827474.0,100.9552,125.657425,3.78,24.406
2022-11-20,88.93,822183.0,100.9552,123.51556000000001,3.78,23.886000000000003
2022-11-27,83.4,808200.0,100.9552,124.00835000000001,3.78,20.984
2022-12-04,86.54,800917.0,99.7664,122.95938000000001,4.1,20.716
2022-12-11,76.37,806400.0,99.7664,122.65072,4.1,22.144
2022-12-18,80.2,796858.0,99.7664,122.32914000000001,4.1,22.828
2022-12-25,82.45,794080.0,99.7664,122.23244,4.1,21.362000000000002
2023-01-01,82.82,793026.0,100.505,121.711175,4.33,21.725
2023-01-08,76.41,811187.0,100.505,121.69454999999999,4.33,22.125
2023-01-15,83.43,819594.0,100.505,119.82991999999999,4.33,20.163999999999998
2023-01-22,86.96,820127.0,100.505,119.311725,4.33,19.912
2023-01-29,85.36,824267.0,100.505,119.03022000000001,4.33,19.066
2023-02-05,78.85,826690.0,100.6416,118.87060000000001,4.57,18.854
2023-02-12,85.46,842973.0,100.6416,120.23042000000001,4.57,19.792
2023-02-19,81.97,850620.0,100.6416,120.27582,4.57,19.534
2023-02-26,82.31,851786.0,100.6416,121.03055,4.57,21.84
2023-03-05,85.74,850092.0,101.0205,121.05346,4.65,20.062
2023-03-12,82.3,851642.0,101.0205,121.21725999999998,4.65,20.944
2023-03-19,71.03,852759.0,101.0205,121.45962,4.65,24.978
2023-03-26,73.63,845270.0,101.0205,120.55001999999999,4.65,22.428
2023-04-02,79.19,841127.0,101.253,119.69234000000002,4.83,19.482
2023-04-09,86.56,840124.0,101.253,119.28392,4.83,18.7575
2023-04-16,87.31,833931.0,101.253,119.11416,4.83,18.406
2023-04-23,83.36,827856.0,101.253,119.22364,4.83,16.836000000000002
2023-04-30,81.32,824571.0,101.253,119.35886,4.83,17.46
2023-05-07,75.85,824598.0,100.9286,119.15572,5.06,17.896
2023-05-14,74.54,827210.0,100.9286,118.87672,5.06,17.118000000000002
2023-05-21,75.42,813122.0,100.9286,119.56116,5.06,16.968
2023-05-28,76.33,815093.0,100.9286,120.47096000000002,5.06,18.572
2023-06-04,76.0,812774.0,100.1196,120.3937,5.08,16.622
2023-06-11,74.74,818811.0,100.1196,119.7678,5.08,14.022
2023-06-18,76.76,813261.0,100.1196,118.91479999999999,5.08,14.307999999999998
2023-06-25,73.56,802307.0,100.1196,118.89305,5.08,13.524000000000001
2023-07-02,74.51,799341.0,100.9067,119.23936,5.12,13.709999999999999
2023-07-09,78.77,804886.0,100.9067,119.3639,5.12,14.344
2023-07-16,79.9,804179.0,100.9067,117.91141999999999,5.12,14.080000000000002
2023-07-23,81.06,803579.0,100.9067,117.40716,5.12,13.626
2023-07-30,84.49,786530.0,100.9067,117.82213999999999,5.12,13.74
2023-08-06,87.38,793376.0,100.8393,118.74839999999999,5.33,15.334
2023-08-13,87.93,788016.0,100.8393,119.39649999999999,5.33,15.681999999999999
2023-08-20,85.92,782476.0,100.8393,120.31931999999999,5.33,16.65
2023-08-27,85.42,772486.0,100.8393,120.31958,5.33,16.592
2023-09-03,89.98,766977.0,101.0211,120.27202,5.33,14.014
2023-09-10,91.85,771222.0,101.0211,121.800475,5.33,14.104
2023-09-17,95.55,769686.0,101.0211,121.22466,5.33,13.624
2023-09-24,93.99,767267.0,101.0211,121.28130000000002,5.33,15.597999999999999
2023-10-01,95.86,765343.0,100.4689,122.48398,5.33,17.784
2023-10-08,87.86,775513.0,100.4689,123.5379,5.33,18.381999999999998
2023-10-15,94.33,771022.0,100.4689,123.12585,5.33,17.366
2023-10-22,93.72,772394.0,100.4689,123.5327,5.33,19.484
2023-10-29,90.73,773167.0,100.4689,123.66794,5.33,20.296
2023-11-05,87.55,787036.0,100.8639,123.13488,5.33,17.066
2023-11-12,83.66,790628.0,100.8639,121.9867,5.33,14.722
2023-11-19,81.22,799328.0,100.8639,121.37488,5.33,14.244
2023-11-26,79.82,801251.0,100.8639,120.342025,5.33,12.974
2023-12-03,78.72,796948.0,100.6031,119.95302,5.33,12.782
2023-12-10,75.94,792684.0,100.6031,120.63188,5.33,12.862
2023-12-17,76.84,796222.0,100.6031,120.41464,5.33,12.33
2023-12-24,80.23,789901.0,100.6031,119.45924,5.33,13.088
2023-12-31,77.69,785453.0,100.6031,118.5479,5.33,12.585
2024-01-07,78.31,787397.0,99.2223,119.4933,5.33,13.68
2024-01-14,79.89,785501.0,99.2223,119.62084,5.33,12.734
2024-01-21,80.71,777188.0,99.2223,120.78745,5.33,13.862
2024-01-28,83.34,779314.0,99.2223,120.73158000000001,5.33,13.118
2024-02-04,79.54,785449.0,100.285,120.62498000000001,5.33,13.797999999999998
2024-02-11,83.58,798213.0,100.285,121.0663,5.33,13.056000000000001
2024-02-18,84.88,802475.0,100.285,121.24416000000001,5.33,14.482
2024-02-25,84.18,807417.0,100.285,121.049175,5.33,14.752
2024-03-03,84.82,809490.0,100.4575,121.06908000000001,5.33,13.504
2024-03-10,84.29,808550.0,100.4575,120.47747999999999,5.33,14.325999999999999
2024-03-17,85.39,807348.0,100.4575,120.16234,5.33,14.324000000000002
2024-03-24,84.87,811257.0,100.4575,120.88602,5.33,13.434000000000001
2024-03-31,86.17,815058.0,100.4575,121.03904,5.33,13.055
2024-04-07,92.81,821494.0,100.2434,121.11286,5.33,14.994
2024-04-14,93.12,824877.0,100.2434,121.38199999999999,5.33,15.638
2024-04-21,87.96,819302.0,100.2434,122.93566000000001,5.33,18.509999999999998
2024-04-28,89.95,827161.0,100.2434,122.89182000000001,5.33,15.8
2024-05-05,83.6,826746.0,100.863,122.62458,5.33,14.776
2024-05-12,83.39,824831.0,100.863,122.07086,5.33,12.992
2024-05-19,82.24,827649.0,100.863,121.553,5.33,12.776
2024-05-26,78.92,823978.0,100.863,121.50385999999999,5.33,12.2
2024-06-02,79.41,826109.0,100.894,121.91305,5.33,13.39
2024-06-09,78.12,830178.0,100.894,122.70614,5.33,12.74
2024-06-16,81.49,828017.0,100.894,123.99395999999999,5.33,12.446
2024-06-23,86.42,832893.0,100.894,124.1293,5.33,12.802000000000001
2024-06-30,87.26,821134.0,100.894,124.09248,5.33,12.68
2024-07-07,88.66,818168.0,99.9757,124.00285,5.33,12.216
2024-07-14,87.35,813948.0,99.9757,123.03272,5.33,12.622
2024-07-21,85.19,810897.0,99.9757,122.7634,5.33,14.648
2024-07-28,81.35,808146.0,99.9757,123.47192,5.33,16.504
2024-08-04,78.35,805154.0,100.4309,123.87988,5.33,18.526
2024-08-11,81.07,807205.0,100.4309,123.43517999999999,5.33,27.657999999999998
2024-08-18,81.56,803192.0,100.4309,122.72926,5.33,17.01
2024-08-25,80.34,803091.0,100.4309,121.86548,5.33,16.042
2024-09-01,80.2,797982.0,99.8084,122.00306,5.13,15.868
2024-09-08,72.82,799094.0,99.8084,122.56197499999999,5.13,19.974
2024-09-15,73.68,798119.0,99.8084,122.51910000000001,5.13,17.97
2024-09-22,75.96,794935.0,99.8084,121.47472,5.13,17.092
2024-09-29,71.63,799484.0,99.8084,121.23874,5.13,15.804000000000002
2024-10-06,79.32,805671.0,99.4695,121.77726,4.83,18.918
2024-10-13,80.27,804432.0,99.4695,122.80886000000001,4.83,21.262
2024-10-20,72.75,810666.0,99.4695,123.86664999999999,4.83,19.412
2024-10-27,75.62,811340.0,99.4695,124.54054000000001,4.83,19.044
2024-11-03,73.63,814881.0,99.2925,124.8181,4.64,20.906
2024-11-10,74.04,817537.0,99.2925,125.04062000000002,4.64,17.776
2024-11-17,73.45,819482.0,99.2925,126.90492499999999,4.64,14.830000000000002
2024-11-24,76.1,818810.0,99.2925,126.89196,4.64,16.240000000000002
2024-12-01,74.16,815182.0,100.3273,126.9563,4.48,14.041999999999998
2024-12-08,73.78,814481.0,100.3273,126.79154000000001,4.48,13.280000000000001
2024-12-15,74.89,814066.0,100.3273,126.93372,4.48,13.936000000000002
2024-12-22,73.19,810089.0,100.3273,127.78887999999999,4.48,20.125999999999998
2024-12-29,73.77,809171.0,100.3273,128.355675,4.48,15.432500000000001
2025-01-05,76.72,808459.0,100.0647,129.252825,4.33,17.2025
2025-01-12,79.76,806997.0,100.0647,129.07572,4.33,17.834
2025-01-19,83.02,806229.0,100.0647,129.51072,4.33,17.318
2025-01-26,78.71,809940.0,100.0647,128.10815,4.33,15.168000000000001
2025-02-02,77.11,818854.0,101.0993,128.25958,4.33,16.628
2025-02-09,74.68,823173.0,101.0993,128.36466000000001,4.33,16.728
2025-02-16,75.19,827806.0,101.0993,128.08828,4.33,15.518
2025-02-23,74.88,825474.0,101.0993,127.31892500000001,4.33,15.972
2025-03-02,74.76,829088.0,101.0404,127.62008,4.33,19.654
2025-03-09,72.49,830811.0,101.0404,126.86838,4.33,23.292
2025-03-16,71.94,832831.0,101.0404,125.97547999999999,4.33,25.088
2025-03-23,72.64,829776.0,101.0404,125.78206,4.33,20.238
2025-03-30,74.69,836226.0,101.0404,126.25336,4.33,18.66
2025-04-06,68.36,839055.0,101.1279,126.01338000000001,4.33,28.177999999999997
2025-04-13,66.83,839869.0,101.1279,125.88566,4.33,42.242
2025-04-20,69.33,840581.0,101.1279,123.3649,4.33,30.825000000000003
2025-04-27,66.99,838950.0,101.1279,122.71361999999999,4.33,28.830000000000002
2025-05-04,61.57,837498.0,100.9655,122.70815999999999,4.33,24.259999999999998
2025-05-11,64.26,841480.0,100.9655,122.33918000000001,4.33,23.266
2025-05-18,65.2,843651.0,100.9655,123.00206,4.33,18.06
2025-05-25,65.41,841676.0,100.9655,121.98294000000001,4.33,19.934
2025-06-01,64.32,837881.0,101.4785,121.73195,4.33,19.318
2025-06-08,68.02,834474.0,101.4785,121.16435999999999,4.33,17.782
2025-06-15,76.0,823231.0,101.4785,120.60852,4.33,18.042
2025-06-22,78.73,817632.0,101.4785,120.60815,4.33,20.728
2025-06-29,69.37,821716.0,101.4785,120.23432,4.33,17.396
2025-07-06,71.03,829024.0,101.894,119.323575,4.33,16.812
2025-07-13,72.06,824865.0,101.894,119.7888,4.33,16.544
2025-07-20,71.06,821496.0,101.894,120.42866,4.33,16.934
2025-07-27,69.23,829432.0,101.894,119.75978,4.33,15.768
2025-08-03,70.55,826638.0,101.6247,121.18394,4.33,16.718
2025-08-10,67.17,829900.0,101.6247,120.6479,4.33,16.772
2025-08-17,67.3,824109.0,101.6247,120.41502,4.33,15.078
2025-08-24,68.29,822493.0,101.6247,120.68440000000001,4.33,15.414000000000001
2025-08-31,67.83,825417.0,101.6247,120.42878,4.33,14.809999999999999
2025-09-07,64.92,829870.0,101.7059,120.52000000000001,4.22,16.024
2025-09-14,67.87,821089.0,101.7059,120.07816,4.22,14.994
2025-09-21,67.05,820712.0,101.7059,119.46096,4.22,15.784
2025-09-28,71.15,823246.0,101.7059,120.11658,4.22,16.19
2025-10-05,66.13,827246.0,101.257,120.18393999999998,4.09,16.394
2025-10-12,64.41,831530.0,101.257,120.74874,4.09,17.6
2025-10-19,61.23,831388.0,101.257,120.85475,4.09,21.314
2025-10-26,65.8,825063.0,101.257,120.85876,4.09,17.674
2025-11-02,65.44,830763.0,101.3775,120.92703999999999,3.88,16.696
2025-11-09,63.72,837974.0,101.3775,121.64186,3.88,18.552
2025-11-16,63.45,835081.0,101.3775,121.020825,3.88,18.444
2025-11-23,62.78,838353.0,101.3775,121.47586000000001,3.88,24.116
2025-11-30,64.07,839177.0,101.3775,121.46175,3.88,17.966
2025-12-07,64.42,837613.0,101.6296,120.84588,3.72,16.22
2025-12-14,62.11,836588.0,101.6296,120.45172,3.72,15.99
2025-12-21,61.35,837793.0,101.6296,120.04386,3.72,16.476
2025-12-28,63.7,836107.0,101.6296,119.6516,3.72,13.7875
2026-01-04,61.35,836107.0,101.6296,119.60979999999999,3.72,14.493333333333332
